﻿<?xml version="1.0" encoding="utf-8"?>
<deployment>
  <id>0d4b782c-4a8c-4270-af5e-8be335d67e8d</id>
  <author>N/A</author>
  <deployer>OneDeploy</deployer>
  <authorEmail>N/A</authorEmail>
  <message>OneDeploy</message>
  <progress></progress>
  <status>Success</status>
  <statusText></statusText>
  <lastSuccessEndTime>2025-11-11T08:19:23.8286041Z</lastSuccessEndTime>
  <receivedTime>2025-11-11T08:19:12.3427908Z</receivedTime>
  <startTime>2025-11-11T08:19:13.8650015Z</startTime>
  <endTime>2025-11-11T08:19:23.8286041Z</endTime>
  <complete>True</complete>
  <is_temp>False</is_temp>
  <is_readonly>True</is_readonly>
  <buildSummary />
</deployment>