<step title="Incoming Request" date="2025-11-11T08:25:58.747" instance="12294b" url="/api/publish?async=true&amp;deployer=GITHUB_ONE_DEPLOY&amp;type=zip&amp;message=%7B%22type%22%3A%22deployment%22%2C%22sha%22%3A%220eb5a033224a92aa53055ddfd673634ac21233d8%22%2C%22repoName%22%3A%22borysinho%2Fserver-frontend-backend-generator%22%2C%22actor%22%3A%22borysinho%22%2C%22slotName%22%3A%22Production%22%2C%22commitMessage%22%3A%22Fix%20deployment%3A%20upload%20compiled%20dist%20folder%5Cn%5Cn-%20Upload%20compiled%20dist%2F%20folder%20instead%20of%20source%20files%5Cn-%20Remove%20build%20step%20from%20start%20script%20(build%20happens%20in%20CI)%5Cn-%20Upload%20only%20necessary%20files%20for%20production%5Cn-%20This%20ensures%20compiled%20code%20is%20available%20in%20production%22%7D" method="POST" type="request" pid="853,1,34" Host="diagram-backend-borys-geaebhhbf5bsdrfj.scm.canadacentral-01.azurewebsites.net" User-Agent="GITHUBACTIONS_DeployWebAppToAzure_f8961362efeab43435694fe7c7a528a2a5ab547864551727d68e9e5f23e5166e" Authorization="Bea..." Content-Type="application/octet-stream" Cookie="ARRAffinity=12294b2e6f4d4f4a22d10b0dcc5d414e0d16ab6c85f1b08034605c6d1bacde0d;Path=/;HttpOnly;Secure;Domain=diagram-backend-borys-geaebhhbf5bsdrfj.scm.canadacentral-01.azurewebsites.net; ARRAffinitySameSite=12294b2e6f4d4f4a22d10b0dcc5d414e0d16ab6c85f1b08034605c6d1bacde0d;Path=/;HttpOnly;SameSite=None;Secure;Domain=diagram-backend-borys-geaebhhbf5bsdrfj.scm.canadacentral-01.azurewebsites.net" Transfer-Encoding="chunked" X-ARR-LOG-ID="1c832871-5e3f-4bfa-b5fd-e556d58a5beb" CLIENT-IP="52.154.132.161:26624" X-SITE-DEPLOYMENT-ID="diagram-backend-borys" WAS-DEFAULT-HOSTNAME="diagram-backend-borys-geaebhhbf5bsdrfj.scm.canadacentral-01.azurewebsites.net" X-Forwarded-Proto="https" X-AppService-Proto="https" X-Forwarded-TlsVersion="1.3" X-WAWS-Unencoded-URL="/api/publish?async=true&amp;deployer=GITHUB_ONE_DEPLOY&amp;type=zip&amp;message=%7B%22type%22%3A%22deployment%22%2C%22sha%22%3A%220eb5a033224a92aa53055ddfd673634ac21233d8%22%2C%22repoName%22%3A%22borysinho%2Fserver-frontend-backend-generator%22%2C%22actor%22%3A%22borysinho%22%2C%22slotName%22%3A%22Production%22%2C%22commitMessage%22%3A%22Fix%20deployment%3A%20upload%20compiled%20dist%20folder%5Cn%5Cn-%20Upload%20compiled%20dist%2F%20folder%20instead%20of%20source%20files%5Cn-%20Remove%20build%20step%20from%20start%20script%20(build%20happens%20in%20CI)%5Cn-%20Upload%20only%20necessary%20files%20for%20production%5Cn-%20This%20ensures%20compiled%20code%20is%20available%20in%20production%22%7D" X-Client-IP="52.154.132.161" X-Client-Port="26624" >
  <step title="OneDeploy" date="2025-11-11T08:25:58.802" >
    <step title="Starting PushDeployAsync" date="2025-11-11T08:25:58.812" /><!-- duration: 5ms -->
    <step title="Removing node_modules symlink" date="2025-11-11T08:25:58.828" >
      <step title="Writing artifact to /tmp/zipdeploy/7de43dd2-a896-4422-b07c-dee942a75422.zip" date="2025-11-11T08:25:58.915" >
        <step title="Writing multipart request body to /tmp/zipdeploy/7de43dd2-a896-4422-b07c-dee942a75422.zip" date="2025-11-11T08:25:58.919" /><!-- duration: 12ms -->
      </step><!-- duration: 113ms -->
      <step title="Start deployment in the background" date="2025-11-11T08:25:59.044" >
        <step title="Acquiring Deployment Lock" date="2025-11-11T08:25:59.069" /><!-- duration: 8ms -->
        <step title="Acquired Deployment Lock" date="2025-11-11T08:25:59.166" /><!-- duration: 4ms -->
      </step><!-- duration: 243ms -->
    </step><!-- duration: 471ms -->
    <step title="Outgoing response" date="2025-11-11T08:25:59.345" type="response" statusCode="202" statusText="Accepted" /><!-- duration: 6ms -->
  </step><!-- duration: 552ms -->
