<step title="BackgroundTrace" date="2025-11-11T07:27:42.483" instance="12294b" url="/api/publish" method="POST" >
  <step title="Cleanup Xml Logs" date="2025-11-11T07:27:42.493" /><!-- duration: 13ms -->
  <step title="Creating temporary deployment - FetchDeploymentManager" date="2025-11-11T07:27:42.674" /><!-- duration: 12ms -->
  <step title="Creating temporary deployment" date="2025-11-11T07:27:42.694" /><!-- duration: 81ms -->
  <step title="Performing fetch based deployment" date="2025-11-11T07:27:42.843" >
    <step title="Cleaning up temp folders from previous zip deployments and extracting pushed zip file /tmp/zipdeploy/7212a2ea-d080-41b0-8316-26d5c1527946.zip (111.49 MB) to /tmp/zipdeploy/extracted" date="2025-11-11T07:27:44.065" >
      <step title="ChmodRecursive Process exited with total time taken in ms: 602" date="2025-11-11T07:28:28.450" /><!-- duration: 11ms -->
    </step><!-- duration: 44412ms -->
    <step title="Deployment timer started" date="2025-11-11T07:28:30.510" >
      <step title="DeploymentManager.Deploy(id:86e90374-1aa4-489c-9be8-4363690ae446)" date="2025-11-11T07:28:30.528" >
        <step title="Collecting changeset information" date="2025-11-11T07:28:30.625" /><!-- duration: 129ms -->
        <step title="Updating submodules" date="2025-11-11T07:28:30.771" /><!-- duration: 1158ms -->
        <step title="Determining deployment builder" date="2025-11-11T07:28:32.178" >
          <step title="Builder is OneDeployBuilder" date="2025-11-11T07:28:32.214" /><!-- duration: 9ms -->
        </step><!-- duration: 55ms -->
        <step title="PreDeployment: context.CleanOutputPath False" date="2025-11-11T07:28:32.340" >
          <step title="PreDeployment: context.OutputPath /home/site/wwwroot" date="2025-11-11T07:28:32.463" >
            <step title="Building" date="2025-11-11T07:28:32.608" >
              <step title="Executing external process" date="2025-11-11T07:28:33.364" type="process" path="starter.sh" arguments="/opt/Kudu/Scripts/absoluteTar.sh /tmp/zipdeploy/extracted/node_modules /tmp/zipdeploy/extracted/node_modules.tar.gz" >
                <step title="Cpu: gzip(909,30.580s)+sh(908,0.000s)+tar(907,2.790s)+absoluteTar.sh(906,0.000s)=total(33.360s)" date="2025-11-11T07:29:34.902" /><!-- duration: 67ms -->
                <step title="starter.sh: no io activity for 60s, prev-cpu=-1.000s, current-cpu=33.360s" date="2025-11-11T07:29:35.016" /><!-- duration: 176ms -->
              </step><!-- duration: 103831ms -->
              <step title="Executing external process" date="2025-11-11T07:30:17.779" type="process" path="starter.sh" arguments="/opt/Kudu/Scripts/parallel_rsync.sh /tmp/zipdeploy/extracted /home/site/wwwroot 8 /tmp/ False False node_modules " /><!-- duration: 11372ms -->
              <step title="Modified file to trigger a restart of the app container." date="2025-11-11T07:30:30.436" /><!-- duration: 10ms -->
              <step title="Skip function trigger and logicapp sync because function is not enabled." date="2025-11-11T07:30:30.484" /><!-- duration: 19ms -->
            </step><!-- duration: 118871ms -->
          </step><!-- duration: 119035ms -->
          <step title="Cleaning up temp files" date="2025-11-11T07:30:31.507" /><!-- duration: 59ms -->
          <step title="Cleaning up temp files" date="2025-11-11T07:30:31.575" /><!-- duration: 524ms -->
          <step title="Reloading status file with latest updates" date="2025-11-11T07:30:32.460" >
            <step title="WebHooksManager.PublishEventAsync: PostDeployment" date="2025-11-11T07:30:32.480" /><!-- duration: 186ms -->
          </step><!-- duration: 220ms -->
          <step title="Cleaning up temporary deployment - fetch deployment was successful" date="2025-11-11T07:30:32.692" /><!-- duration: 10ms -->
        </step><!-- duration: 120791ms -->
      </step><!-- duration: 122651ms -->
