<step title="Incoming Request" date="2025-11-11T08:09:21.478" instance="12294b" url="/api/publish?async=true&amp;deployer=GITHUB_ONE_DEPLOY&amp;type=zip&amp;message=%7B%22type%22%3A%22deployment%22%2C%22sha%22%3A%2217c82d6ac6bbb081a1f41c02fc9c0717a9a3d0dd%22%2C%22repoName%22%3A%22borysinho%2Fserver-frontend-backend-generator%22%2C%22actor%22%3A%22borysinho%22%2C%22slotName%22%3A%22Production%22%2C%22commitMessage%22%3A%22Fix%20GitHub%20Actions%20workflow%20working%20directory%5Cn%5Cn-%20Remove%20working-directory%3A%20server%20since%20workflow%20is%20now%20in%20server%20repo%20root%5Cn-%20This%20fixes%20the%20%27No%20such%20file%20or%20directory%27%20error%20in%20CI%2FCD%20pipeline%5Cn-%20Workflow%20now%20runs%20correctly%20from%20server%20directory%20context%22%7D" method="POST" type="request" pid="853,1,53" Host="diagram-backend-borys-geaebhhbf5bsdrfj.scm.canadacentral-01.azurewebsites.net" User-Agent="GITHUBACTIONS_DeployWebAppToAzure_f8961362efeab43435694fe7c7a528a2a5ab547864551727d68e9e5f23e5166e" Authorization="Bea..." Content-Type="application/octet-stream" Cookie="ARRAffinity=12294b2e6f4d4f4a22d10b0dcc5d414e0d16ab6c85f1b08034605c6d1bacde0d;Path=/;HttpOnly;Secure;Domain=diagram-backend-borys-geaebhhbf5bsdrfj.scm.canadacentral-01.azurewebsites.net; ARRAffinitySameSite=12294b2e6f4d4f4a22d10b0dcc5d414e0d16ab6c85f1b08034605c6d1bacde0d;Path=/;HttpOnly;SameSite=None;Secure;Domain=diagram-backend-borys-geaebhhbf5bsdrfj.scm.canadacentral-01.azurewebsites.net" Transfer-Encoding="chunked" X-ARR-LOG-ID="9c322888-a198-4711-8adb-e33871cfba90" CLIENT-IP="172.182.224.112:48128" X-SITE-DEPLOYMENT-ID="diagram-backend-borys" WAS-DEFAULT-HOSTNAME="diagram-backend-borys-geaebhhbf5bsdrfj.scm.canadacentral-01.azurewebsites.net" X-Forwarded-Proto="https" X-AppService-Proto="https" X-Forwarded-TlsVersion="1.3" X-WAWS-Unencoded-URL="/api/publish?async=true&amp;deployer=GITHUB_ONE_DEPLOY&amp;type=zip&amp;message=%7B%22type%22%3A%22deployment%22%2C%22sha%22%3A%2217c82d6ac6bbb081a1f41c02fc9c0717a9a3d0dd%22%2C%22repoName%22%3A%22borysinho%2Fserver-frontend-backend-generator%22%2C%22actor%22%3A%22borysinho%22%2C%22slotName%22%3A%22Production%22%2C%22commitMessage%22%3A%22Fix%20GitHub%20Actions%20workflow%20working%20directory%5Cn%5Cn-%20Remove%20working-directory%3A%20server%20since%20workflow%20is%20now%20in%20server%20repo%20root%5Cn-%20This%20fixes%20the%20%27No%20such%20file%20or%20directory%27%20error%20in%20CI%2FCD%20pipeline%5Cn-%20Workflow%20now%20runs%20correctly%20from%20server%20directory%20context%22%7D" X-Client-IP="172.182.224.112" X-Client-Port="48128" >
  <step title="OneDeploy" date="2025-11-11T08:09:22.098" >
    <step title="Starting PushDeployAsync" date="2025-11-11T08:09:22.263" /><!-- duration: 21ms -->
    <step title="Removing node_modules symlink" date="2025-11-11T08:09:22.389" >
      <step title="Removing _del_node_modules symlink" date="2025-11-11T08:09:22.827" >
        <step title="Writing artifact to /tmp/zipdeploy/20ca53bd-0058-4373-a1c2-c94bd9e18c86.zip" date="2025-11-11T08:09:22.982" >
          <step title="Writing multipart request body to /tmp/zipdeploy/20ca53bd-0058-4373-a1c2-c94bd9e18c86.zip" date="2025-11-11T08:09:23.041" /><!-- duration: 75ms -->
        </step><!-- duration: 1029ms -->
        <step title="Start deployment in the background" date="2025-11-11T08:09:24.070" >
          <step title="Acquiring Deployment Lock" date="2025-11-11T08:09:24.208" /><!-- duration: 17ms -->
          <step title="Acquired Deployment Lock" date="2025-11-11T08:09:24.330" /><!-- duration: 30ms -->
        </step><!-- duration: 663ms -->
      </step><!-- duration: 2022ms -->
      <step title="Outgoing response" date="2025-11-11T08:09:24.876" type="response" statusCode="202" statusText="Accepted" /><!-- duration: 10ms -->
    </step><!-- duration: 2506ms -->
