<step title="Incoming Request" date="2025-11-11T08:36:06.508" instance="12294b" url="/api/deployments/latest?deployer=OneDeploy&amp;time=2025-11-11_08-32-33Z" method="GET" type="request" pid="853,1,34" Host="diagram-backend-borys-geaebhhbf5bsdrfj.scm.canadacentral-01.azurewebsites.net" User-Agent="GITHUBACTIONS_DeployWebAppToAzure_f8961362efeab43435694fe7c7a528a2a5ab547864551727d68e9e5f23e5166e" Authorization="Bea..." Content-Type="application/json; charset=utf-8" Cookie="ARRAffinity=12294b2e6f4d4f4a22d10b0dcc5d414e0d16ab6c85f1b08034605c6d1bacde0d;Path=/;HttpOnly;Secure;Domain=diagram-backend-borys-geaebhhbf5bsdrfj.scm.canadacentral-01.azurewebsites.net; ARRAffinitySameSite=12294b2e6f4d4f4a22d10b0dcc5d414e0d16ab6c85f1b08034605c6d1bacde0d;Path=/;HttpOnly;SameSite=None;Secure;Domain=diagram-backend-borys-geaebhhbf5bsdrfj.scm.canadacentral-01.azurewebsites.net" Content-Length="0" X-ARR-LOG-ID="26f56e6a-c169-4603-af40-70593e86e1a5" CLIENT-IP="172.184.219.85:21504" X-SITE-DEPLOYMENT-ID="diagram-backend-borys" WAS-DEFAULT-HOSTNAME="diagram-backend-borys-geaebhhbf5bsdrfj.scm.canadacentral-01.azurewebsites.net" X-Forwarded-Proto="https" X-AppService-Proto="https" X-Forwarded-TlsVersion="1.3" X-WAWS-Unencoded-URL="/api/deployments/latest?deployer=OneDeploy&amp;time=2025-11-11_08-32-33Z" X-Client-IP="172.184.219.85" X-Client-Port="21504" >
  <step title="Cleanup Xml Logs" date="2025-11-11T08:36:06.520" >
    <step title="Cleanup Infos" date="2025-11-11T08:36:06.633" totalFiles="206" totalCleanup="46" /><!-- duration: 27ms -->
  </step><!-- duration: 172ms -->
  <step title="DeploymentService.GetResult" date="2025-11-11T08:36:07.028" >
    <step title="DeploymentService.GetLatestDeployment" date="2025-11-11T08:36:07.042" >
      <step title="DeploymentManager.GetResults" date="2025-11-11T08:36:07.068" /><!-- duration: 2952ms -->
    </step><!-- duration: 3030ms -->
  </step><!-- duration: 3063ms -->
  <step title="Outgoing response" date="2025-11-11T08:36:10.106" type="response" statusCode="202" statusText="Accepted" /><!-- duration: 7ms -->
</step><!-- duration: 3630ms -->
