<step title="Incoming Request" date="2025-11-11T06:54:43.159" instance="12294b" url="/api/publish?async=true&amp;deployer=GITHUB_ONE_DEPLOY&amp;type=zip&amp;message=%7B%22type%22%3A%22deployment%22%2C%22sha%22%3A%22f04641a4c4156070f8b1a8947184b55271060620%22%2C%22repoName%22%3A%22borysinho%2Fserver-frontend-backend-generator%22%2C%22actor%22%3A%22borysinho%22%2C%22slotName%22%3A%22Production%22%2C%22commitMessage%22%3A%22Add%20or%20update%20the%20Azure%20App%20Service%20build%20and%20deployment%20workflow%20config%22%7D" method="POST" type="request" pid="850,1,7" Host="diagram-backend-borys-geaebhhbf5bsdrfj.scm.canadacentral-01.azurewebsites.net" User-Agent="GITHUBACTIONS_DeployWebAppToAzure_f8961362efeab43435694fe7c7a528a2a5ab547864551727d68e9e5f23e5166e" Authorization="Bea..." Content-Type="application/octet-stream" Cookie="ARRAffinity=12294b2e6f4d4f4a22d10b0dcc5d414e0d16ab6c85f1b08034605c6d1bacde0d;Path=/;HttpOnly;Secure;Domain=diagram-backend-borys-geaebhhbf5bsdrfj.scm.canadacentral-01.azurewebsites.net; ARRAffinitySameSite=12294b2e6f4d4f4a22d10b0dcc5d414e0d16ab6c85f1b08034605c6d1bacde0d;Path=/;HttpOnly;SameSite=None;Secure;Domain=diagram-backend-borys-geaebhhbf5bsdrfj.scm.canadacentral-01.azurewebsites.net" Transfer-Encoding="chunked" X-ARR-LOG-ID="9e3d84e4-74a7-45e6-8014-9dea5b36aba8" CLIENT-IP="20.97.198.244:37888" X-SITE-DEPLOYMENT-ID="diagram-backend-borys" WAS-DEFAULT-HOSTNAME="diagram-backend-borys-geaebhhbf5bsdrfj.scm.canadacentral-01.azurewebsites.net" X-Forwarded-Proto="https" X-AppService-Proto="https" X-Forwarded-TlsVersion="1.3" X-WAWS-Unencoded-URL="/api/publish?async=true&amp;deployer=GITHUB_ONE_DEPLOY&amp;type=zip&amp;message=%7B%22type%22%3A%22deployment%22%2C%22sha%22%3A%22f04641a4c4156070f8b1a8947184b55271060620%22%2C%22repoName%22%3A%22borysinho%2Fserver-frontend-backend-generator%22%2C%22actor%22%3A%22borysinho%22%2C%22slotName%22%3A%22Production%22%2C%22commitMessage%22%3A%22Add%20or%20update%20the%20Azure%20App%20Service%20build%20and%20deployment%20workflow%20config%22%7D" X-Client-IP="20.97.198.244" X-Client-Port="37888" >
  <step title="Cleanup Xml Logs" date="2025-11-11T06:54:43.172" /><!-- duration: 17ms -->
  <step title="OneDeploy" date="2025-11-11T06:54:43.596" >
    <step title="None repository commit" date="2025-11-11T06:54:43.680" >
      <step title="Commit id: d04cc05e-af68-4f6e-bc95-c8ffa1416d08" date="2025-11-11T06:54:43.692" Message="N/A" AuthorName="N/A" AuthorEmail="N/A" /><!-- duration: 38ms -->
    </step><!-- duration: 69ms -->
    <step title="Starting PushDeployAsync" date="2025-11-11T06:54:43.758" /><!-- duration: 25ms -->
    <step title="Writing artifact to /tmp/zipdeploy/21f5440f-a9b2-40b1-8ed9-349995dc6bb3.zip" date="2025-11-11T06:54:43.872" >
      <step title="Writing multipart request body to /tmp/zipdeploy/21f5440f-a9b2-40b1-8ed9-349995dc6bb3.zip" date="2025-11-11T06:54:43.911" /><!-- duration: 10ms -->
    </step><!-- duration: 4226ms -->
    <step title="Start deployment in the background" date="2025-11-11T06:54:48.118" >
      <step title="Acquiring Deployment Lock" date="2025-11-11T06:54:48.408" /><!-- duration: 4ms -->
      <step title="Acquired Deployment Lock" date="2025-11-11T06:54:48.544" /><!-- duration: 8ms -->
    </step><!-- duration: 622ms -->
  </step><!-- duration: 5162ms -->
  <step title="Outgoing response" date="2025-11-11T06:54:48.780" type="response" statusCode="202" statusText="Accepted" /><!-- duration: 19ms -->
</step><!-- duration: 5643ms -->
