<step title="Incoming Request" date="2025-11-11T08:32:18.354" instance="12294b" url="/api/publish?async=true&amp;deployer=GITHUB_ONE_DEPLOY&amp;type=zip&amp;message=%7B%22type%22%3A%22deployment%22%2C%22sha%22%3A%22bf4bec22e67ee61ff62226fba7cba61cfcb116d5%22%2C%22repoName%22%3A%22borysinho%2Fserver-frontend-backend-generator%22%2C%22actor%22%3A%22borysinho%22%2C%22slotName%22%3A%22Production%22%2C%22commitMessage%22%3A%22Fix%20Prisma%20Client%20generation%20in%20production%5Cn%5Cn-%20Add%20prisma%20generate%20step%20to%20workflow%5Cn-%20Include%20node_modules%20in%20deployment%20artifact%5Cn-%20Remove%20unnecessary%20files%20from%20artifact%5Cn-%20This%20ensures%20Prisma%20Client%20is%20available%20in%20production%22%7D" method="POST" type="request" pid="853,1,23" Host="diagram-backend-borys-geaebhhbf5bsdrfj.scm.canadacentral-01.azurewebsites.net" User-Agent="GITHUBACTIONS_DeployWebAppToAzure_f8961362efeab43435694fe7c7a528a2a5ab547864551727d68e9e5f23e5166e" Authorization="Bea..." Content-Type="application/octet-stream" Cookie="ARRAffinity=12294b2e6f4d4f4a22d10b0dcc5d414e0d16ab6c85f1b08034605c6d1bacde0d;Path=/;HttpOnly;Secure;Domain=diagram-backend-borys-geaebhhbf5bsdrfj.scm.canadacentral-01.azurewebsites.net; ARRAffinitySameSite=12294b2e6f4d4f4a22d10b0dcc5d414e0d16ab6c85f1b08034605c6d1bacde0d;Path=/;HttpOnly;SameSite=None;Secure;Domain=diagram-backend-borys-geaebhhbf5bsdrfj.scm.canadacentral-01.azurewebsites.net" Transfer-Encoding="chunked" X-ARR-LOG-ID="1c627b61-7926-4547-b0b0-72b0f141bf46" CLIENT-IP="172.184.219.85:21504" X-SITE-DEPLOYMENT-ID="diagram-backend-borys" WAS-DEFAULT-HOSTNAME="diagram-backend-borys-geaebhhbf5bsdrfj.scm.canadacentral-01.azurewebsites.net" X-Forwarded-Proto="https" X-AppService-Proto="https" X-Forwarded-TlsVersion="1.3" X-WAWS-Unencoded-URL="/api/publish?async=true&amp;deployer=GITHUB_ONE_DEPLOY&amp;type=zip&amp;message=%7B%22type%22%3A%22deployment%22%2C%22sha%22%3A%22bf4bec22e67ee61ff62226fba7cba61cfcb116d5%22%2C%22repoName%22%3A%22borysinho%2Fserver-frontend-backend-generator%22%2C%22actor%22%3A%22borysinho%22%2C%22slotName%22%3A%22Production%22%2C%22commitMessage%22%3A%22Fix%20Prisma%20Client%20generation%20in%20production%5Cn%5Cn-%20Add%20prisma%20generate%20step%20to%20workflow%5Cn-%20Include%20node_modules%20in%20deployment%20artifact%5Cn-%20Remove%20unnecessary%20files%20from%20artifact%5Cn-%20This%20ensures%20Prisma%20Client%20is%20available%20in%20production%22%7D" X-Client-IP="172.184.219.85" X-Client-Port="21504" >
  <step title="Cleanup Xml Logs" date="2025-11-11T08:32:18.374" /><!-- duration: 58ms -->
  <step title="OneDeploy" date="2025-11-11T08:32:19.265" >
    <step title="Starting PushDeployAsync" date="2025-11-11T08:32:19.437" /><!-- duration: 13ms -->
    <step title="Removing node_modules symlink" date="2025-11-11T08:32:19.565" >
      <step title="Writing artifact to /tmp/zipdeploy/f2e7eb4f-f2b3-4325-9042-4775bd1d6dc0.zip" date="2025-11-11T08:32:20.310" >
        <step title="Writing multipart request body to /tmp/zipdeploy/f2e7eb4f-f2b3-4325-9042-4775bd1d6dc0.zip" date="2025-11-11T08:32:20.598" /><!-- duration: 50ms -->
      </step><!-- duration: 11976ms -->
      <step title="Start deployment in the background" date="2025-11-11T08:32:32.375" >
        <step title="Acquiring Deployment Lock" date="2025-11-11T08:32:32.597" /><!-- duration: 17ms -->
        <step title="Acquired Deployment Lock" date="2025-11-11T08:32:32.692" /><!-- duration: 38ms -->
      </step><!-- duration: 772ms -->
    </step><!-- duration: 13648ms -->
    <step title="Outgoing response" date="2025-11-11T08:32:33.225" type="response" statusCode="202" statusText="Accepted" /><!-- duration: 17ms -->
  </step><!-- duration: 13988ms -->
