<step title="Incoming Request" date="2025-11-11T08:36:00.072" instance="12294b" url="/api/deployments/latest?deployer=OneDeploy&amp;time=2025-11-11_08-32-33Z" method="GET" type="request" pid="853,1,37" Host="diagram-backend-borys-geaebhhbf5bsdrfj.scm.canadacentral-01.azurewebsites.net" User-Agent="GITHUBACTIONS_DeployWebAppToAzure_f8961362efeab43435694fe7c7a528a2a5ab547864551727d68e9e5f23e5166e" Authorization="Bea..." Content-Type="application/json; charset=utf-8" Cookie="ARRAffinity=12294b2e6f4d4f4a22d10b0dcc5d414e0d16ab6c85f1b08034605c6d1bacde0d;Path=/;HttpOnly;Secure;Domain=diagram-backend-borys-geaebhhbf5bsdrfj.scm.canadacentral-01.azurewebsites.net; ARRAffinitySameSite=12294b2e6f4d4f4a22d10b0dcc5d414e0d16ab6c85f1b08034605c6d1bacde0d;Path=/;HttpOnly;SameSite=None;Secure;Domain=diagram-backend-borys-geaebhhbf5bsdrfj.scm.canadacentral-01.azurewebsites.net" Content-Length="0" X-ARR-LOG-ID="48adf90f-b49f-4ceb-900f-3b330c0b9fa4" CLIENT-IP="172.184.219.85:21505" X-SITE-DEPLOYMENT-ID="diagram-backend-borys" WAS-DEFAULT-HOSTNAME="diagram-backend-borys-geaebhhbf5bsdrfj.scm.canadacentral-01.azurewebsites.net" X-Forwarded-Proto="https" X-AppService-Proto="https" X-Forwarded-TlsVersion="1.3" X-WAWS-Unencoded-URL="/api/deployments/latest?deployer=OneDeploy&amp;time=2025-11-11_08-32-33Z" X-Client-IP="172.184.219.85" X-Client-Port="21505" >
  <step title="Cleanup Xml Logs" date="2025-11-11T08:36:00.089" >
    <step title="Cleanup Infos" date="2025-11-11T08:36:00.118" totalFiles="205" totalCleanup="45" /><!-- duration: 38ms -->
  </step><!-- duration: 80ms -->
  <step title="DeploymentService.GetResult" date="2025-11-11T08:36:00.218" >
    <step title="DeploymentService.GetLatestDeployment" date="2025-11-11T08:36:00.227" >
      <step title="DeploymentManager.GetResults" date="2025-11-11T08:36:00.236" /><!-- duration: 914ms -->
    </step><!-- duration: 932ms -->
  </step><!-- duration: 945ms -->
  <step title="Outgoing response" date="2025-11-11T08:36:01.171" type="response" statusCode="202" statusText="Accepted" /><!-- duration: 4ms -->
</step><!-- duration: 1106ms -->
