<step title="BackgroundTrace" date="2025-11-11T08:32:32.424" instance="12294b" url="/api/publish" method="POST" >
  <step title="Cleanup Xml Logs" date="2025-11-11T08:32:32.449" /><!-- duration: 39ms -->
  <step title="Creating temporary deployment - FetchDeploymentManager" date="2025-11-11T08:32:32.789" /><!-- duration: 17ms -->
  <step title="Creating temporary deployment" date="2025-11-11T08:32:32.835" /><!-- duration: 299ms -->
  <step title="Performing fetch based deployment" date="2025-11-11T08:32:33.272" >
    <step title="Cleaning up temp folders from previous zip deployments and extracting pushed zip file /tmp/zipdeploy/f2e7eb4f-f2b3-4325-9042-4775bd1d6dc0.zip (109.76 MB) to /tmp/zipdeploy/extracted" date="2025-11-11T08:32:35.068" >
      <step title="ChmodRecursive Process exited with total time taken in ms: 522" date="2025-11-11T08:33:15.374" /><!-- duration: 7ms -->
    </step><!-- duration: 40319ms -->
    <step title="Deployment timer started" date="2025-11-11T08:33:17.419" >
      <step title="DeploymentManager.Deploy(id:ea8f35cb-020b-424f-8cd4-21cfe6b47666)" date="2025-11-11T08:33:17.428" >
        <step title="Collecting changeset information" date="2025-11-11T08:33:17.466" /><!-- duration: 231ms -->
        <step title="Updating submodules" date="2025-11-11T08:33:17.717" /><!-- duration: 1686ms -->
        <step title="Determining deployment builder" date="2025-11-11T08:33:19.692" >
          <step title="Builder is OneDeployBuilder" date="2025-11-11T08:33:19.729" /><!-- duration: 10ms -->
        </step><!-- duration: 50ms -->
        <step title="PreDeployment: context.CleanOutputPath False" date="2025-11-11T08:33:19.850" >
          <step title="PreDeployment: context.OutputPath /home/site/wwwroot" date="2025-11-11T08:33:19.967" >
            <step title="Building" date="2025-11-11T08:33:20.104" >
              <step title="Executing external process" date="2025-11-11T08:33:20.862" type="process" path="starter.sh" arguments="/opt/Kudu/Scripts/absoluteTar.sh /tmp/zipdeploy/extracted/node_modules /tmp/zipdeploy/extracted/node_modules.tar.gz" >
                <step title="Cpu: gzip(1235,17.100s)+sh(1234,0.000s)+tar(1233,1.320s)+absoluteTar.sh(1232,0.010s)=total(18.420s)" date="2025-11-11T08:34:23.675" /><!-- duration: 80ms -->
                <step title="starter.sh: no io activity for 61s, prev-cpu=-1.000s, current-cpu=18.420s" date="2025-11-11T08:34:23.857" /><!-- duration: 98ms -->
                <step title="Cpu: gzip(1235,28.820s)+sh(1234,0.000s)+tar(1233,3.710s)+absoluteTar.sh(1232,0.010s)=total(32.530s)" date="2025-11-11T08:35:24.717" /><!-- duration: 36ms -->
                <step title="starter.sh: no io activity for 124s, prev-cpu=18.420s, current-cpu=32.530s" date="2025-11-11T08:35:24.784" /><!-- duration: 107ms -->
              </step><!-- duration: 160421ms -->
              <step title="Executing external process" date="2025-11-11T08:36:01.859" type="process" path="starter.sh" arguments="/opt/Kudu/Scripts/parallel_rsync.sh /tmp/zipdeploy/extracted /home/site/wwwroot 8 /tmp/ False False node_modules " /><!-- duration: 10181ms -->
              <step title="Modified file to trigger a restart of the app container." date="2025-11-11T08:36:13.402" /><!-- duration: 10ms -->
              <step title="Skip function trigger and logicapp sync because function is not enabled." date="2025-11-11T08:36:13.433" /><!-- duration: 17ms -->
            </step><!-- duration: 175073ms -->
          </step><!-- duration: 175268ms -->
          <step title="Cleaning up temp files" date="2025-11-11T08:36:15.253" /><!-- duration: 56ms -->
          <step title="Cleaning up temp files" date="2025-11-11T08:36:15.328" /><!-- duration: 533ms -->
          <step title="Reloading status file with latest updates" date="2025-11-11T08:36:16.231" >
            <step title="WebHooksManager.PublishEventAsync: PostDeployment" date="2025-11-11T08:36:16.249" /><!-- duration: 162ms -->
          </step><!-- duration: 189ms -->
          <step title="Cleaning up temporary deployment - fetch deployment was successful" date="2025-11-11T08:36:16.432" /><!-- duration: 8ms -->
        </step><!-- duration: 176676ms -->
      </step><!-- duration: 179149ms -->
