<step title="BackgroundTrace" date="2025-11-11T08:09:24.100" instance="12294b" url="/api/publish" method="POST" >
  <step title="Cleanup Xml Logs" date="2025-11-11T08:09:24.119" /><!-- duration: 31ms -->
  <step title="Creating temporary deployment - FetchDeploymentManager" date="2025-11-11T08:09:24.371" /><!-- duration: 16ms -->
  <step title="Creating temporary deployment" date="2025-11-11T08:09:24.449" /><!-- duration: 254ms -->
  <step title="Performing fetch based deployment" date="2025-11-11T08:09:24.909" >
    <step title="Cleaning up temp folders from previous zip deployments and extracting pushed zip file /tmp/zipdeploy/20ca53bd-0058-4373-a1c2-c94bd9e18c86.zip (2.24 MB) to /tmp/zipdeploy/extracted" date="2025-11-11T08:09:26.507" >
      <step title="ChmodRecursive Process exited with total time taken in ms: 42" date="2025-11-11T08:09:27.144" /><!-- duration: 28ms -->
    </step><!-- duration: 693ms -->
    <step title="Deployment timer started" date="2025-11-11T08:09:29.270" >
      <step title="DeploymentManager.Deploy(id:e8e7e176-fe95-4f42-9129-018683c59281)" date="2025-11-11T08:09:29.304" >
        <step title="Collecting changeset information" date="2025-11-11T08:09:29.358" /><!-- duration: 227ms -->
        <step title="Updating submodules" date="2025-11-11T08:09:29.628" /><!-- duration: 1319ms -->
        <step title="Determining deployment builder" date="2025-11-11T08:09:31.516" >
          <step title="Builder is OneDeployBuilder" date="2025-11-11T08:09:31.610" /><!-- duration: 61ms -->
        </step><!-- duration: 260ms -->
        <step title="PreDeployment: context.CleanOutputPath False" date="2025-11-11T08:09:32.027" >
          <step title="PreDeployment: context.OutputPath /home/site/wwwroot" date="2025-11-11T08:09:32.455" >
            <step title="Building" date="2025-11-11T08:09:32.892" >
              <step title="Executing external process" date="2025-11-11T08:09:35.911" type="process" path="starter.sh" arguments="/opt/Kudu/Scripts/parallel_rsync.sh /tmp/zipdeploy/extracted /home/site/wwwroot 8 /tmp/ False False  " /><!-- duration: 14895ms -->
              <step title="Modified file to trigger a restart of the app container." date="2025-11-11T08:09:51.565" /><!-- duration: 9ms -->
              <step title="Skip function trigger and logicapp sync because function is not enabled." date="2025-11-11T08:09:51.700" /><!-- duration: 11ms -->
            </step><!-- duration: 20770ms -->
          </step><!-- duration: 21315ms -->
          <step title="Cleaning up temp files" date="2025-11-11T08:09:53.779" /><!-- duration: 18ms -->
          <step title="Cleaning up temp files" date="2025-11-11T08:09:53.819" /><!-- duration: 539ms -->
          <step title="Reloading status file with latest updates" date="2025-11-11T08:09:54.403" >
            <step title="WebHooksManager.PublishEventAsync: PostDeployment" date="2025-11-11T08:09:54.429" /><!-- duration: 111ms -->
          </step><!-- duration: 141ms -->
          <step title="Cleaning up temporary deployment - fetch deployment was successful" date="2025-11-11T08:09:54.552" /><!-- duration: 4ms -->
        </step><!-- duration: 22643ms -->
      </step><!-- duration: 25471ms -->
