<step title="Incoming Request" date="2025-11-11T08:35:39.634" instance="12294b" url="/api/deployments/latest?deployer=OneDeploy&amp;time=2025-11-11_08-32-33Z" method="GET" type="request" pid="853,1,37" Host="diagram-backend-borys-geaebhhbf5bsdrfj.scm.canadacentral-01.azurewebsites.net" User-Agent="GITHUBACTIONS_DeployWebAppToAzure_f8961362efeab43435694fe7c7a528a2a5ab547864551727d68e9e5f23e5166e" Authorization="Bea..." Content-Type="application/json; charset=utf-8" Cookie="ARRAffinity=12294b2e6f4d4f4a22d10b0dcc5d414e0d16ab6c85f1b08034605c6d1bacde0d;Path=/;HttpOnly;Secure;Domain=diagram-backend-borys-geaebhhbf5bsdrfj.scm.canadacentral-01.azurewebsites.net; ARRAffinitySameSite=12294b2e6f4d4f4a22d10b0dcc5d414e0d16ab6c85f1b08034605c6d1bacde0d;Path=/;HttpOnly;SameSite=None;Secure;Domain=diagram-backend-borys-geaebhhbf5bsdrfj.scm.canadacentral-01.azurewebsites.net" Content-Length="0" X-ARR-LOG-ID="13d0574a-55f6-41b2-8ab5-7a8c7c903709" CLIENT-IP="172.184.219.85:21504" X-SITE-DEPLOYMENT-ID="diagram-backend-borys" WAS-DEFAULT-HOSTNAME="diagram-backend-borys-geaebhhbf5bsdrfj.scm.canadacentral-01.azurewebsites.net" X-Forwarded-Proto="https" X-AppService-Proto="https" X-Forwarded-TlsVersion="1.3" X-WAWS-Unencoded-URL="/api/deployments/latest?deployer=OneDeploy&amp;time=2025-11-11_08-32-33Z" X-Client-IP="172.184.219.85" X-Client-Port="21504" >
  <step title="Cleanup Xml Logs" date="2025-11-11T08:35:39.722" >
    <step title="Cleanup Infos" date="2025-11-11T08:35:39.779" totalFiles="202" totalCleanup="42" /><!-- duration: 66ms -->
  </step><!-- duration: 184ms -->
  <step title="DeploymentService.GetResult" date="2025-11-11T08:35:39.946" >
    <step title="DeploymentService.GetLatestDeployment" date="2025-11-11T08:35:39.984" >
      <step title="DeploymentManager.GetResults" date="2025-11-11T08:35:39.994" /><!-- duration: 1759ms -->
    </step><!-- duration: 1789ms -->
  </step><!-- duration: 1839ms -->
  <step title="Outgoing response" date="2025-11-11T08:35:41.805" type="response" statusCode="202" statusText="Accepted" /><!-- duration: 27ms -->
</step><!-- duration: 2207ms -->
