﻿<?xml version="1.0" encoding="utf-8"?>
<deployment>
  <id>e8e7e176-fe95-4f42-9129-018683c59281</id>
  <author>N/A</author>
  <deployer>OneDeploy</deployer>
  <authorEmail>N/A</authorEmail>
  <message>OneDeploy</message>
  <progress></progress>
  <status>Success</status>
  <statusText></statusText>
  <lastSuccessEndTime>2025-11-11T08:09:52.3157583Z</lastSuccessEndTime>
  <receivedTime>2025-11-11T08:09:29.4814626Z</receivedTime>
  <startTime>2025-11-11T08:09:31.3588158Z</startTime>
  <endTime>2025-11-11T08:09:52.3157583Z</endTime>
  <complete>True</complete>
  <is_temp>False</is_temp>
  <is_readonly>True</is_readonly>
  <buildSummary />
</deployment>