<step title="Incoming Request" date="2025-11-11T07:44:30.633" instance="12294b" url="/api/publish?async=true&amp;deployer=GITHUB_ONE_DEPLOY&amp;type=zip&amp;message=%7B%22type%22%3A%22deployment%22%2C%22sha%22%3A%22ab154d7f438e24516530b707a80ac28dc5e9ca81%22%2C%22repoName%22%3A%22borysinho%2Fserver-frontend-backend-generator%22%2C%22actor%22%3A%22borysinho%22%2C%22slotName%22%3A%22Production%22%2C%22commitMessage%22%3A%22Fix%20production%20start%20script%20to%20include%20build%20step%22%7D" method="POST" type="request" pid="853,1,31" Host="diagram-backend-borys-geaebhhbf5bsdrfj.scm.canadacentral-01.azurewebsites.net" User-Agent="GITHUBACTIONS_DeployWebAppToAzure_f8961362efeab43435694fe7c7a528a2a5ab547864551727d68e9e5f23e5166e" Authorization="Bea..." Content-Type="application/octet-stream" Cookie="ARRAffinity=12294b2e6f4d4f4a22d10b0dcc5d414e0d16ab6c85f1b08034605c6d1bacde0d;Path=/;HttpOnly;Secure;Domain=diagram-backend-borys-geaebhhbf5bsdrfj.scm.canadacentral-01.azurewebsites.net; ARRAffinitySameSite=12294b2e6f4d4f4a22d10b0dcc5d414e0d16ab6c85f1b08034605c6d1bacde0d;Path=/;HttpOnly;SameSite=None;Secure;Domain=diagram-backend-borys-geaebhhbf5bsdrfj.scm.canadacentral-01.azurewebsites.net" Transfer-Encoding="chunked" X-ARR-LOG-ID="16b4b823-9e4b-433d-a4b7-bc7940dfb9fd" CLIENT-IP="64.236.153.154:57344" X-SITE-DEPLOYMENT-ID="diagram-backend-borys" WAS-DEFAULT-HOSTNAME="diagram-backend-borys-geaebhhbf5bsdrfj.scm.canadacentral-01.azurewebsites.net" X-Forwarded-Proto="https" X-AppService-Proto="https" X-Forwarded-TlsVersion="1.3" X-WAWS-Unencoded-URL="/api/publish?async=true&amp;deployer=GITHUB_ONE_DEPLOY&amp;type=zip&amp;message=%7B%22type%22%3A%22deployment%22%2C%22sha%22%3A%22ab154d7f438e24516530b707a80ac28dc5e9ca81%22%2C%22repoName%22%3A%22borysinho%2Fserver-frontend-backend-generator%22%2C%22actor%22%3A%22borysinho%22%2C%22slotName%22%3A%22Production%22%2C%22commitMessage%22%3A%22Fix%20production%20start%20script%20to%20include%20build%20step%22%7D" X-Client-IP="64.236.153.154" X-Client-Port="57344" >
  <step title="OneDeploy" date="2025-11-11T07:44:30.818" >
    <step title="Starting PushDeployAsync" date="2025-11-11T07:44:30.870" /><!-- duration: 10ms -->
    <step title="Removing node_modules symlink" date="2025-11-11T07:44:30.922" >
      <step title="Removing _del_node_modules symlink" date="2025-11-11T07:44:31.063" >
        <step title="Writing artifact to /tmp/zipdeploy/b550eedb-67d4-4bff-a240-b7dd6d1f0a3a.zip" date="2025-11-11T07:44:31.178" >
          <step title="Writing multipart request body to /tmp/zipdeploy/b550eedb-67d4-4bff-a240-b7dd6d1f0a3a.zip" date="2025-11-11T07:44:31.285" /><!-- duration: 20ms -->
        </step><!-- duration: 603ms -->
        <step title="Start deployment in the background" date="2025-11-11T07:44:31.821" >
          <step title="Acquiring Deployment Lock" date="2025-11-11T07:44:31.922" /><!-- duration: 16ms -->
          <step title="Acquired Deployment Lock" date="2025-11-11T07:44:32.006" /><!-- duration: 18ms -->
        </step><!-- duration: 429ms -->
      </step><!-- duration: 1224ms -->
      <step title="Outgoing response" date="2025-11-11T07:44:32.300" type="response" statusCode="202" statusText="Accepted" /><!-- duration: 11ms -->
    </step><!-- duration: 1405ms -->
