<step title="BackgroundTrace" date="2025-11-11T07:13:19.159" instance="12294b" url="/api/publish" method="POST" >
  <step title="Cleanup Xml Logs" date="2025-11-11T07:13:19.193" /><!-- duration: 9ms -->
  <step title="Creating temporary deployment - FetchDeploymentManager" date="2025-11-11T07:13:19.296" /><!-- duration: 5ms -->
  <step title="Creating temporary deployment" date="2025-11-11T07:13:19.308" /><!-- duration: 75ms -->
  <step title="Performing fetch based deployment" date="2025-11-11T07:13:19.460" >
    <step title="Cleaning up temp folders from previous zip deployments and extracting pushed zip file /tmp/zipdeploy/51a905ee-4f35-47b7-bcd0-9ee9b4ce73f1.zip (111.49 MB) to /tmp/zipdeploy/extracted" date="2025-11-11T07:13:20.701" >
      <step title="ChmodRecursive Process exited with total time taken in ms: 768" date="2025-11-11T07:13:46.716" /><!-- duration: 29ms -->
    </step><!-- duration: 26060ms -->
    <step title="Deployment timer started" date="2025-11-11T07:13:48.803" >
      <step title="DeploymentManager.Deploy(id:41678d08-e570-4a4f-9275-14e809245d51)" date="2025-11-11T07:13:48.832" >
        <step title="Collecting changeset information" date="2025-11-11T07:13:48.902" /><!-- duration: 97ms -->
        <step title="Updating submodules" date="2025-11-11T07:13:49.008" /><!-- duration: 1128ms -->
        <step title="Determining deployment builder" date="2025-11-11T07:13:50.692" >
          <step title="Builder is OneDeployBuilder" date="2025-11-11T07:13:50.722" /><!-- duration: 11ms -->
        </step><!-- duration: 59ms -->
        <step title="PreDeployment: context.CleanOutputPath False" date="2025-11-11T07:13:50.826" >
          <step title="PreDeployment: context.OutputPath /home/site/wwwroot" date="2025-11-11T07:13:50.958" >
            <step title="Building" date="2025-11-11T07:13:51.124" >
              <step title="Executing external process" date="2025-11-11T07:13:51.981" type="process" path="starter.sh" arguments="/opt/Kudu/Scripts/absoluteTar.sh /tmp/zipdeploy/extracted/node_modules /tmp/zipdeploy/extracted/node_modules.tar.gz" >
                <step title="Cpu: gzip(903,30.070s)+sh(902,0.000s)+tar(901,2.460s)+absoluteTar.sh(900,0.010s)=total(32.540s)" date="2025-11-11T07:14:52.523" /><!-- duration: 11ms -->
                <step title="starter.sh: no io activity for 60s, prev-cpu=-1.000s, current-cpu=32.540s" date="2025-11-11T07:14:52.582" /><!-- duration: 23ms -->
              </step><!-- duration: 105403ms -->
              <step title="Executing external process" date="2025-11-11T07:15:38.508" type="process" path="starter.sh" arguments="/opt/Kudu/Scripts/parallel_rsync.sh /tmp/zipdeploy/extracted /home/site/wwwroot 8 /tmp/ False False node_modules " /><!-- duration: 23845ms -->
              <step title="Modified file to trigger a restart of the app container." date="2025-11-11T07:16:05.107" /><!-- duration: 49ms -->
              <step title="Skip function trigger and logicapp sync because function is not enabled." date="2025-11-11T07:16:05.310" /><!-- duration: 41ms -->
            </step><!-- duration: 136462ms -->
          </step><!-- duration: 136655ms -->
          <step title="Cleaning up temp files" date="2025-11-11T07:16:07.624" /><!-- duration: 39ms -->
          <step title="Cleaning up temp files" date="2025-11-11T07:16:07.694" /><!-- duration: 564ms -->
          <step title="Reloading status file with latest updates" date="2025-11-11T07:16:08.604" >
            <step title="WebHooksManager.PublishEventAsync: PostDeployment" date="2025-11-11T07:16:08.626" /><!-- duration: 310ms -->
          </step><!-- duration: 378ms -->
          <step title="Cleaning up temporary deployment - fetch deployment was successful" date="2025-11-11T07:16:09.030" /><!-- duration: 21ms -->
        </step><!-- duration: 138350ms -->
      </step><!-- duration: 140487ms -->
