<step title="BackgroundTrace" date="2025-11-11T08:25:59.049" instance="12294b" url="/api/publish" method="POST" >
  <step title="Creating temporary deployment - FetchDeploymentManager" date="2025-11-11T08:25:59.173" /><!-- duration: 4ms -->
  <step title="Creating temporary deployment" date="2025-11-11T08:25:59.187" /><!-- duration: 94ms -->
  <step title="Performing fetch based deployment" date="2025-11-11T08:25:59.362" >
    <step title="Cleaning up temp folders from previous zip deployments and extracting pushed zip file /tmp/zipdeploy/7de43dd2-a896-4422-b07c-dee942a75422.zip (2.08 MB) to /tmp/zipdeploy/extracted" date="2025-11-11T08:26:00.503" >
      <step title="ChmodRecursive Process exited with total time taken in ms: 67" date="2025-11-11T08:26:00.753" /><!-- duration: 10ms -->
    </step><!-- duration: 268ms -->
    <step title="Deployment timer started" date="2025-11-11T08:26:02.813" >
      <step title="DeploymentManager.Deploy(id:017286c5-84f2-4a5e-bec6-a16c43c3b10b)" date="2025-11-11T08:26:02.841" >
        <step title="Collecting changeset information" date="2025-11-11T08:26:02.904" /><!-- duration: 187ms -->
        <step title="Updating submodules" date="2025-11-11T08:26:03.109" /><!-- duration: 1228ms -->
        <step title="Determining deployment builder" date="2025-11-11T08:26:04.691" >
          <step title="Builder is OneDeployBuilder" date="2025-11-11T08:26:04.717" /><!-- duration: 4ms -->
        </step><!-- duration: 42ms -->
        <step title="PreDeployment: context.CleanOutputPath False" date="2025-11-11T08:26:04.795" >
          <step title="PreDeployment: context.OutputPath /home/site/wwwroot" date="2025-11-11T08:26:04.911" >
            <step title="Building" date="2025-11-11T08:26:05.096" >
              <step title="Executing external process" date="2025-11-11T08:26:06.121" type="process" path="starter.sh" arguments="/opt/Kudu/Scripts/parallel_rsync.sh /tmp/zipdeploy/extracted /home/site/wwwroot 8 /tmp/ False False  " /><!-- duration: 9921ms -->
              <step title="Modified file to trigger a restart of the app container." date="2025-11-11T08:26:16.666" /><!-- duration: 6ms -->
              <step title="Skip function trigger and logicapp sync because function is not enabled." date="2025-11-11T08:26:16.678" /><!-- duration: 24ms -->
            </step><!-- duration: 12665ms -->
          </step><!-- duration: 12863ms -->
          <step title="Cleaning up temp files" date="2025-11-11T08:26:17.778" /><!-- duration: 7ms -->
          <step title="Cleaning up temp files" date="2025-11-11T08:26:17.802" /><!-- duration: 517ms -->
          <step title="Reloading status file with latest updates" date="2025-11-11T08:26:18.368" >
            <step title="WebHooksManager.PublishEventAsync: PostDeployment" date="2025-11-11T08:26:18.378" /><!-- duration: 45ms -->
          </step><!-- duration: 58ms -->
          <step title="Cleaning up temporary deployment - fetch deployment was successful" date="2025-11-11T08:26:18.434" /><!-- duration: 4ms -->
        </step><!-- duration: 13726ms -->
      </step><!-- duration: 15697ms -->
