<step title="Incoming Request" date="2025-11-11T07:38:27.501" instance="12294b" url="/api/publish?async=true&amp;deployer=GITHUB_ONE_DEPLOY&amp;type=zip&amp;message=%7B%22type%22%3A%22deployment%22%2C%22sha%22%3A%22c597011598a08025bf248f42d1622540d8d4247c%22%2C%22repoName%22%3A%22borysinho%2Fserver-frontend-backend-generator%22%2C%22actor%22%3A%22borysinho%22%2C%22slotName%22%3A%22Production%22%2C%22commitMessage%22%3A%22Add%20package-lock.json%20for%20CI%20and%20fix%20workflow%20location%22%7D" method="POST" type="request" pid="853,1,15" Host="diagram-backend-borys-geaebhhbf5bsdrfj.scm.canadacentral-01.azurewebsites.net" User-Agent="GITHUBACTIONS_DeployWebAppToAzure_f8961362efeab43435694fe7c7a528a2a5ab547864551727d68e9e5f23e5166e" Authorization="Bea..." Content-Type="application/octet-stream" Cookie="ARRAffinity=12294b2e6f4d4f4a22d10b0dcc5d414e0d16ab6c85f1b08034605c6d1bacde0d;Path=/;HttpOnly;Secure;Domain=diagram-backend-borys-geaebhhbf5bsdrfj.scm.canadacentral-01.azurewebsites.net; ARRAffinitySameSite=12294b2e6f4d4f4a22d10b0dcc5d414e0d16ab6c85f1b08034605c6d1bacde0d;Path=/;HttpOnly;SameSite=None;Secure;Domain=diagram-backend-borys-geaebhhbf5bsdrfj.scm.canadacentral-01.azurewebsites.net" Transfer-Encoding="chunked" X-ARR-LOG-ID="88390934-3b8e-42bc-aab2-6b72372cf62c" CLIENT-IP="172.182.225.172:7232" X-SITE-DEPLOYMENT-ID="diagram-backend-borys" WAS-DEFAULT-HOSTNAME="diagram-backend-borys-geaebhhbf5bsdrfj.scm.canadacentral-01.azurewebsites.net" X-Forwarded-Proto="https" X-AppService-Proto="https" X-Forwarded-TlsVersion="1.3" X-WAWS-Unencoded-URL="/api/publish?async=true&amp;deployer=GITHUB_ONE_DEPLOY&amp;type=zip&amp;message=%7B%22type%22%3A%22deployment%22%2C%22sha%22%3A%22c597011598a08025bf248f42d1622540d8d4247c%22%2C%22repoName%22%3A%22borysinho%2Fserver-frontend-backend-generator%22%2C%22actor%22%3A%22borysinho%22%2C%22slotName%22%3A%22Production%22%2C%22commitMessage%22%3A%22Add%20package-lock.json%20for%20CI%20and%20fix%20workflow%20location%22%7D" X-Client-IP="172.182.225.172" X-Client-Port="7232" >
  <step title="OneDeploy" date="2025-11-11T07:38:27.694" >
    <step title="Starting PushDeployAsync" date="2025-11-11T07:38:27.824" /><!-- duration: 6ms -->
    <step title="Removing node_modules symlink" date="2025-11-11T07:38:27.880" >
      <step title="Writing artifact to /tmp/zipdeploy/40117fce-f00a-4316-87c9-cde30dac8fcd.zip" date="2025-11-11T07:38:28.446" >
        <step title="Writing multipart request body to /tmp/zipdeploy/40117fce-f00a-4316-87c9-cde30dac8fcd.zip" date="2025-11-11T07:38:28.485" /><!-- duration: 27ms -->
      </step><!-- duration: 782ms -->
      <step title="Start deployment in the background" date="2025-11-11T07:38:29.316" >
        <step title="Acquiring Deployment Lock" date="2025-11-11T07:38:29.482" /><!-- duration: 4ms -->
        <step title="Acquired Deployment Lock" date="2025-11-11T07:38:29.578" /><!-- duration: 7ms -->
      </step><!-- duration: 821ms -->
    </step><!-- duration: 2345ms -->
    <step title="Outgoing response" date="2025-11-11T07:38:30.261" type="response" statusCode="202" statusText="Accepted" /><!-- duration: 4ms -->
  </step><!-- duration: 2608ms -->
