<step title="BackgroundTrace" date="2025-11-11T07:44:31.845" instance="12294b" url="/api/publish" method="POST" >
  <step title="Creating temporary deployment - FetchDeploymentManager" date="2025-11-11T07:44:32.042" /><!-- duration: 9ms -->
  <step title="Creating temporary deployment" date="2025-11-11T07:44:32.072" /><!-- duration: 161ms -->
  <step title="Performing fetch based deployment" date="2025-11-11T07:44:32.356" >
    <step title="Cleaning up temp folders from previous zip deployments and extracting pushed zip file /tmp/zipdeploy/b550eedb-67d4-4bff-a240-b7dd6d1f0a3a.zip (2.08 MB) to /tmp/zipdeploy/extracted" date="2025-11-11T07:44:34.045" >
      <step title="ChmodRecursive Process exited with total time taken in ms: 57" date="2025-11-11T07:44:34.835" /><!-- duration: 18ms -->
    </step><!-- duration: 819ms -->
    <step title="Deployment timer started" date="2025-11-11T07:44:36.922" >
      <step title="DeploymentManager.Deploy(id:3e8d0653-d284-447f-aee5-e5216f5022a9)" date="2025-11-11T07:44:36.940" >
        <step title="Collecting changeset information" date="2025-11-11T07:44:37.024" /><!-- duration: 150ms -->
        <step title="Updating submodules" date="2025-11-11T07:44:37.209" /><!-- duration: 1186ms -->
        <step title="Determining deployment builder" date="2025-11-11T07:44:38.655" >
          <step title="Builder is OneDeployBuilder" date="2025-11-11T07:44:38.694" /><!-- duration: 16ms -->
        </step><!-- duration: 74ms -->
        <step title="PreDeployment: context.CleanOutputPath False" date="2025-11-11T07:44:38.805" >
          <step title="PreDeployment: context.OutputPath /home/site/wwwroot" date="2025-11-11T07:44:39.028" >
            <step title="Building" date="2025-11-11T07:44:39.241" >
              <step title="Executing external process" date="2025-11-11T07:44:39.836" type="process" path="starter.sh" arguments="/opt/Kudu/Scripts/parallel_rsync.sh /tmp/zipdeploy/extracted /home/site/wwwroot 8 /tmp/ False False  " /><!-- duration: 6663ms -->
              <step title="Modified file to trigger a restart of the app container." date="2025-11-11T07:44:46.948" /><!-- duration: 5ms -->
              <step title="Skip function trigger and logicapp sync because function is not enabled." date="2025-11-11T07:44:46.959" /><!-- duration: 10ms -->
            </step><!-- duration: 8707ms -->
          </step><!-- duration: 8937ms -->
          <step title="Cleaning up temp files" date="2025-11-11T07:44:47.969" /><!-- duration: 23ms -->
          <step title="Cleaning up temp files" date="2025-11-11T07:44:48.001" /><!-- duration: 538ms -->
          <step title="Reloading status file with latest updates" date="2025-11-11T07:44:48.668" >
            <step title="WebHooksManager.PublishEventAsync: PostDeployment" date="2025-11-11T07:44:48.735" /><!-- duration: 157ms -->
          </step><!-- duration: 263ms -->
          <step title="Cleaning up temporary deployment - fetch deployment was successful" date="2025-11-11T07:44:48.978" /><!-- duration: 11ms -->
        </step><!-- duration: 10319ms -->
      </step><!-- duration: 12217ms -->
