<step title="BackgroundTrace" date="2025-11-11T07:33:49.672" instance="12294b" url="/api/publish" method="POST" >
  <step title="Cleanup Xml Logs" date="2025-11-11T07:33:49.692" /><!-- duration: 38ms -->
  <step title="Creating temporary deployment - FetchDeploymentManager" date="2025-11-11T07:33:49.932" /><!-- duration: 9ms -->
  <step title="Creating temporary deployment" date="2025-11-11T07:33:49.951" /><!-- duration: 187ms -->
  <step title="Performing fetch based deployment" date="2025-11-11T07:33:50.380" >
    <step title="Cleaning up temp folders from previous zip deployments and extracting pushed zip file /tmp/zipdeploy/f0165919-fa12-4760-9bcb-9889fdf954df.zip (111.50 MB) to /tmp/zipdeploy/extracted" date="2025-11-11T07:33:51.924" >
      <step title="ChmodRecursive Process exited with total time taken in ms: 96" date="2025-11-11T07:34:44.464" /><!-- duration: 8ms -->
    </step><!-- duration: 52561ms -->
    <step title="Deployment timer started" date="2025-11-11T07:34:46.552" >
      <step title="DeploymentManager.Deploy(id:ebf1917c-8c73-4184-806a-736a0572132a)" date="2025-11-11T07:34:46.582" >
        <step title="Collecting changeset information" date="2025-11-11T07:34:46.670" /><!-- duration: 172ms -->
        <step title="Updating submodules" date="2025-11-11T07:34:46.848" /><!-- duration: 1161ms -->
        <step title="Determining deployment builder" date="2025-11-11T07:34:48.464" >
          <step title="Builder is OneDeployBuilder" date="2025-11-11T07:34:48.499" /><!-- duration: 10ms -->
        </step><!-- duration: 73ms -->
        <step title="PreDeployment: context.CleanOutputPath False" date="2025-11-11T07:34:48.637" >
          <step title="PreDeployment: context.OutputPath /home/site/wwwroot" date="2025-11-11T07:34:48.945" >
            <step title="Building" date="2025-11-11T07:34:49.296" >
              <step title="Executing external process" date="2025-11-11T07:34:50.350" type="process" path="starter.sh" arguments="/opt/Kudu/Scripts/absoluteTar.sh /tmp/zipdeploy/extracted/node_modules /tmp/zipdeploy/extracted/node_modules.tar.gz" >
                <step title="Cpu: gzip(1059,41.130s)+sh(1058,0.000s)+tar(1057,2.950s)+absoluteTar.sh(1056,0.030s)=total(44.110s)" date="2025-11-11T07:35:50.750" /><!-- duration: 20ms -->
                <step title="starter.sh: no io activity for 60s, prev-cpu=-1.000s, current-cpu=44.110s" date="2025-11-11T07:35:50.848" /><!-- duration: 36ms -->
              </step><!-- duration: 68256ms -->
              <step title="Executing external process" date="2025-11-11T07:35:59.249" type="process" path="starter.sh" arguments="/opt/Kudu/Scripts/parallel_rsync.sh /tmp/zipdeploy/extracted /home/site/wwwroot 8 /tmp/ False False node_modules " /><!-- duration: 11549ms -->
              <step title="Modified file to trigger a restart of the app container." date="2025-11-11T07:36:11.639" /><!-- duration: 7ms -->
              <step title="Skip function trigger and logicapp sync because function is not enabled." date="2025-11-11T07:36:11.655" /><!-- duration: 10ms -->
            </step><!-- duration: 83389ms -->
          </step><!-- duration: 83892ms -->
          <step title="Cleaning up temp files" date="2025-11-11T07:36:12.841" /><!-- duration: 16ms -->
          <step title="Cleaning up temp files" date="2025-11-11T07:36:12.886" /><!-- duration: 548ms -->
          <step title="Reloading status file with latest updates" date="2025-11-11T07:36:13.496" >
            <step title="WebHooksManager.PublishEventAsync: PostDeployment" date="2025-11-11T07:36:13.504" /><!-- duration: 90ms -->
          </step><!-- duration: 107ms -->
          <step title="Cleaning up temporary deployment - fetch deployment was successful" date="2025-11-11T07:36:13.649" /><!-- duration: 4ms -->
        </step><!-- duration: 85157ms -->
      </step><!-- duration: 87271ms -->
