<step title="BackgroundTrace" date="2025-11-11T06:54:48.155" instance="12294b" url="/api/publish" method="POST" >
  <step title="Cleanup Xml Logs" date="2025-11-11T06:54:48.173" /><!-- duration: 29ms -->
  <step title="Creating temporary deployment - FetchDeploymentManager" date="2025-11-11T06:54:48.556" /><!-- duration: 4ms -->
  <step title="Creating temporary deployment" date="2025-11-11T06:54:48.565" /><!-- duration: 164ms -->
  <step title="Performing fetch based deployment" date="2025-11-11T06:54:48.822" >
    <step title="Cleaning up temp folders from previous zip deployments and extracting pushed zip file /tmp/zipdeploy/21f5440f-a9b2-40b1-8ed9-349995dc6bb3.zip (111.49 MB) to /tmp/zipdeploy/extracted" date="2025-11-11T06:54:50.182" >
      <step title="ChmodRecursive Process exited with total time taken in ms: 726" date="2025-11-11T06:55:15.420" /><!-- duration: 14ms -->
    </step><!-- duration: 25267ms -->
    <step title="Deployment timer started" date="2025-11-11T06:55:17.478" >
      <step title="DeploymentManager.Deploy(id:d04cc05e-af68-4f6e-bc95-c8ffa1416d08)" date="2025-11-11T06:55:17.505" >
        <step title="Collecting changeset information" date="2025-11-11T06:55:17.544" /><!-- duration: 125ms -->
        <step title="Updating submodules" date="2025-11-11T06:55:17.676" /><!-- duration: 1151ms -->
        <step title="Determining deployment builder" date="2025-11-11T06:55:19.114" >
          <step title="Builder is OneDeployBuilder" date="2025-11-11T06:55:19.177" /><!-- duration: 10ms -->
        </step><!-- duration: 83ms -->
        <step title="PreDeployment: context.CleanOutputPath False" date="2025-11-11T06:55:19.288" >
          <step title="PreDeployment: context.OutputPath /home/site/wwwroot" date="2025-11-11T06:55:19.455" >
            <step title="Building" date="2025-11-11T06:55:19.678" >
              <step title="Executing external process" date="2025-11-11T06:55:20.767" type="process" path="starter.sh" arguments="/opt/Kudu/Scripts/absoluteTar.sh /tmp/zipdeploy/extracted/node_modules /tmp/zipdeploy/extracted/node_modules.tar.gz" >
                <step title="Cpu: gzip(914,33.980s)+sh(913,0.000s)+tar(912,3.030s)+absoluteTar.sh(911,0.010s)=total(37.010s)" date="2025-11-11T06:56:21.299" /><!-- duration: 19ms -->
                <step title="starter.sh: no io activity for 60s, prev-cpu=-1.000s, current-cpu=37.010s" date="2025-11-11T06:56:21.347" /><!-- duration: 10ms -->
              </step><!-- duration: 91233ms -->
              <step title="Executing external process" date="2025-11-11T06:56:52.636" type="process" path="starter.sh" arguments="/opt/Kudu/Scripts/parallel_rsync.sh /tmp/zipdeploy/extracted /home/site/wwwroot 8 /tmp/ False False node_modules " /><!-- duration: 11358ms -->
              <step title="Modified file to trigger a restart of the app container." date="2025-11-11T06:57:04.934" /><!-- duration: 4ms -->
              <step title="Skip function trigger and logicapp sync because function is not enabled." date="2025-11-11T06:57:04.944" /><!-- duration: 7ms -->
            </step><!-- duration: 105960ms -->
          </step><!-- duration: 106196ms -->
          <step title="Cleaning up temp files" date="2025-11-11T06:57:05.655" /><!-- duration: 21ms -->
          <step title="Cleaning up temp files" date="2025-11-11T06:57:05.686" /><!-- duration: 521ms -->
          <step title="Reloading status file with latest updates" date="2025-11-11T06:57:06.257" >
            <step title="WebHooksManager.PublishEventAsync: PostDeployment" date="2025-11-11T06:57:06.263" /><!-- duration: 135ms -->
          </step><!-- duration: 145ms -->
          <step title="Cleaning up temporary deployment - fetch deployment was successful" date="2025-11-11T06:57:06.409" /><!-- duration: 3ms -->
        </step><!-- duration: 107214ms -->
      </step><!-- duration: 109036ms -->
