﻿<?xml version="1.0" encoding="utf-8"?>
<deployment>
  <id>017286c5-84f2-4a5e-bec6-a16c43c3b10b</id>
  <author>N/A</author>
  <deployer>OneDeploy</deployer>
  <authorEmail>N/A</authorEmail>
  <message>OneDeploy</message>
  <progress></progress>
  <status>Success</status>
  <statusText></statusText>
  <lastSuccessEndTime>2025-11-11T08:26:17.1370759Z</lastSuccessEndTime>
  <receivedTime>2025-11-11T08:26:02.9933642Z</receivedTime>
  <startTime>2025-11-11T08:26:04.6235409Z</startTime>
  <endTime>2025-11-11T08:26:17.1370759Z</endTime>
  <complete>True</complete>
  <is_temp>False</is_temp>
  <is_readonly>True</is_readonly>
  <buildSummary />
</deployment>