﻿<?xml version="1.0" encoding="utf-8"?>
<deployment>
  <id>41678d08-e570-4a4f-9275-14e809245d51</id>
  <author>N/A</author>
  <deployer>OneDeploy</deployer>
  <authorEmail>N/A</authorEmail>
  <message>OneDeploy</message>
  <progress></progress>
  <status>Success</status>
  <statusText></statusText>
  <lastSuccessEndTime>2025-11-11T07:16:06.1128336Z</lastSuccessEndTime>
  <receivedTime>2025-11-11T07:13:48.9450325Z</receivedTime>
  <startTime>2025-11-11T07:13:50.6200593Z</startTime>
  <endTime>2025-11-11T07:16:06.1128336Z</endTime>
  <complete>True</complete>
  <is_temp>False</is_temp>
  <is_readonly>True</is_readonly>
  <buildSummary />
</deployment>