<step title="BackgroundTrace" date="2025-11-11T07:38:29.327" instance="12294b" url="/api/publish" method="POST" >
  <step title="Cleanup Xml Logs" date="2025-11-11T07:38:29.366" /><!-- duration: 13ms -->
  <step title="Creating temporary deployment - FetchDeploymentManager" date="2025-11-11T07:38:29.589" /><!-- duration: 5ms -->
  <step title="Creating temporary deployment" date="2025-11-11T07:38:29.602" /><!-- duration: 492ms -->
  <step title="Performing fetch based deployment" date="2025-11-11T07:38:30.431" >
    <step title="Cleaning up temp folders from previous zip deployments and extracting pushed zip file /tmp/zipdeploy/40117fce-f00a-4316-87c9-cde30dac8fcd.zip (2.08 MB) to /tmp/zipdeploy/extracted" date="2025-11-11T07:38:32.394" >
      <step title="ChmodRecursive Process exited with total time taken in ms: 121" date="2025-11-11T07:38:49.396" /><!-- duration: 28ms -->
    </step><!-- duration: 17050ms -->
    <step title="Deployment timer started" date="2025-11-11T07:38:51.555" >
      <step title="DeploymentManager.Deploy(id:a364f318-c262-4972-81d0-204b88373e9d)" date="2025-11-11T07:38:51.645" >
        <step title="Collecting changeset information" date="2025-11-11T07:38:51.776" /><!-- duration: 1214ms -->
        <step title="Updating submodules" date="2025-11-11T07:38:53.051" /><!-- duration: 1461ms -->
        <step title="Determining deployment builder" date="2025-11-11T07:38:57.617" >
          <step title="Builder is OneDeployBuilder" date="2025-11-11T07:38:57.954" /><!-- duration: 50ms -->
        </step><!-- duration: 426ms -->
        <step title="PreDeployment: context.CleanOutputPath False" date="2025-11-11T07:38:58.298" >
          <step title="PreDeployment: context.OutputPath /home/site/wwwroot" date="2025-11-11T07:38:58.828" >
            <step title="Building" date="2025-11-11T07:38:59.400" >
              <step title="Executing external process" date="2025-11-11T07:39:01.423" type="process" path="starter.sh" arguments="/opt/Kudu/Scripts/parallel_rsync.sh /tmp/zipdeploy/extracted /home/site/wwwroot 8 /tmp/ False False  " /><!-- duration: 15263ms -->
              <step title="Modified file to trigger a restart of the app container." date="2025-11-11T07:39:17.850" /><!-- duration: 20ms -->
              <step title="Skip function trigger and logicapp sync because function is not enabled." date="2025-11-11T07:39:17.965" /><!-- duration: 71ms -->
            </step><!-- duration: 20746ms -->
          </step><!-- duration: 21596ms -->
          <step title="Cleaning up temp files" date="2025-11-11T07:39:20.442" /><!-- duration: 32ms -->
          <step title="Cleaning up temp files" date="2025-11-11T07:39:20.509" /><!-- duration: 545ms -->
          <step title="Reloading status file with latest updates" date="2025-11-11T07:39:21.461" >
            <step title="WebHooksManager.PublishEventAsync: PostDeployment" date="2025-11-11T07:39:21.475" /><!-- duration: 194ms -->
          </step><!-- duration: 321ms -->
          <step title="Cleaning up temporary deployment - fetch deployment was successful" date="2025-11-11T07:39:21.814" /><!-- duration: 37ms -->
        </step><!-- duration: 23698ms -->
      </step><!-- duration: 30526ms -->
