<step title="Incoming Request" date="2025-11-11T07:33:25.528" instance="12294b" url="/api/publish?async=true&amp;deployer=GITHUB_ONE_DEPLOY&amp;type=zip&amp;message=%7B%22type%22%3A%22deployment%22%2C%22sha%22%3A%22f12c627d30373cecc1a7335ab49d682eec03b5de%22%2C%22repoName%22%3A%22borysinho%2Fserver-frontend-backend-generator%22%2C%22actor%22%3A%22borysinho%22%2C%22slotName%22%3A%22Production%22%2C%22commitMessage%22%3A%22Merge%20remote%20changes%20and%20resolve%20workflow%20conflicts%22%7D" method="POST" type="request" pid="853,1,25" Host="diagram-backend-borys-geaebhhbf5bsdrfj.scm.canadacentral-01.azurewebsites.net" User-Agent="GITHUBACTIONS_DeployWebAppToAzure_f8961362efeab43435694fe7c7a528a2a5ab547864551727d68e9e5f23e5166e" Authorization="Bea..." Content-Type="application/octet-stream" Cookie="ARRAffinity=12294b2e6f4d4f4a22d10b0dcc5d414e0d16ab6c85f1b08034605c6d1bacde0d;Path=/;HttpOnly;Secure;Domain=diagram-backend-borys-geaebhhbf5bsdrfj.scm.canadacentral-01.azurewebsites.net; ARRAffinitySameSite=12294b2e6f4d4f4a22d10b0dcc5d414e0d16ab6c85f1b08034605c6d1bacde0d;Path=/;HttpOnly;SameSite=None;Secure;Domain=diagram-backend-borys-geaebhhbf5bsdrfj.scm.canadacentral-01.azurewebsites.net" Transfer-Encoding="chunked" X-ARR-LOG-ID="adbad353-8f24-4a7d-9fb1-d93a549a9c39" CLIENT-IP="52.161.45.231:65472" X-SITE-DEPLOYMENT-ID="diagram-backend-borys" WAS-DEFAULT-HOSTNAME="diagram-backend-borys-geaebhhbf5bsdrfj.scm.canadacentral-01.azurewebsites.net" X-Forwarded-Proto="https" X-AppService-Proto="https" X-Forwarded-TlsVersion="1.3" X-WAWS-Unencoded-URL="/api/publish?async=true&amp;deployer=GITHUB_ONE_DEPLOY&amp;type=zip&amp;message=%7B%22type%22%3A%22deployment%22%2C%22sha%22%3A%22f12c627d30373cecc1a7335ab49d682eec03b5de%22%2C%22repoName%22%3A%22borysinho%2Fserver-frontend-backend-generator%22%2C%22actor%22%3A%22borysinho%22%2C%22slotName%22%3A%22Production%22%2C%22commitMessage%22%3A%22Merge%20remote%20changes%20and%20resolve%20workflow%20conflicts%22%7D" X-Client-IP="52.161.45.231" X-Client-Port="65472" >
  <step title="Cleanup Xml Logs" date="2025-11-11T07:33:25.636" /><!-- duration: 163ms -->
  <step title="OneDeploy" date="2025-11-11T07:33:26.385" >
    <step title="Starting PushDeployAsync" date="2025-11-11T07:33:26.657" /><!-- duration: 97ms -->
    <step title="Writing artifact to /tmp/zipdeploy/f0165919-fa12-4760-9bcb-9889fdf954df.zip" date="2025-11-11T07:33:26.853" >
      <step title="Writing multipart request body to /tmp/zipdeploy/f0165919-fa12-4760-9bcb-9889fdf954df.zip" date="2025-11-11T07:33:26.881" /><!-- duration: 19ms -->
    </step><!-- duration: 22771ms -->
    <step title="Start deployment in the background" date="2025-11-11T07:33:49.663" >
      <step title="Acquiring Deployment Lock" date="2025-11-11T07:33:49.787" /><!-- duration: 10ms -->
      <step title="Acquired Deployment Lock" date="2025-11-11T07:33:49.905" /><!-- duration: 17ms -->
    </step><!-- duration: 515ms -->
  </step><!-- duration: 23889ms -->
  <step title="Outgoing response" date="2025-11-11T07:33:50.301" type="response" statusCode="202" statusText="Accepted" /><!-- duration: 4ms -->
</step><!-- duration: 24795ms -->
