<step title="Incoming Request" date="2025-11-11T07:27:34.934" instance="12294b" url="/api/publish?async=true&amp;deployer=GITHUB_ONE_DEPLOY&amp;type=zip&amp;message=%7B%22type%22%3A%22deployment%22%2C%22sha%22%3A%22f04641a4c4156070f8b1a8947184b55271060620%22%2C%22repoName%22%3A%22borysinho%2Fserver-frontend-backend-generator%22%2C%22actor%22%3A%22borysinho%22%2C%22slotName%22%3A%22Production%22%2C%22commitMessage%22%3A%22%22%7D" method="POST" type="request" pid="853,1,15" Host="diagram-backend-borys-geaebhhbf5bsdrfj.scm.canadacentral-01.azurewebsites.net" User-Agent="GITHUBACTIONS_DeployWebAppToAzure_f8961362efeab43435694fe7c7a528a2a5ab547864551727d68e9e5f23e5166e" Authorization="Bea..." Content-Type="application/octet-stream" Cookie="ARRAffinity=12294b2e6f4d4f4a22d10b0dcc5d414e0d16ab6c85f1b08034605c6d1bacde0d;Path=/;HttpOnly;Secure;Domain=diagram-backend-borys-geaebhhbf5bsdrfj.scm.canadacentral-01.azurewebsites.net; ARRAffinitySameSite=12294b2e6f4d4f4a22d10b0dcc5d414e0d16ab6c85f1b08034605c6d1bacde0d;Path=/;HttpOnly;SameSite=None;Secure;Domain=diagram-backend-borys-geaebhhbf5bsdrfj.scm.canadacentral-01.azurewebsites.net" Transfer-Encoding="chunked" X-ARR-LOG-ID="cdf34829-c59b-41c7-a9a9-e1e95b6ea1f1" CLIENT-IP="132.196.82.129:36872" X-SITE-DEPLOYMENT-ID="diagram-backend-borys" WAS-DEFAULT-HOSTNAME="diagram-backend-borys-geaebhhbf5bsdrfj.scm.canadacentral-01.azurewebsites.net" X-Forwarded-Proto="https" X-AppService-Proto="https" X-Forwarded-TlsVersion="1.3" X-WAWS-Unencoded-URL="/api/publish?async=true&amp;deployer=GITHUB_ONE_DEPLOY&amp;type=zip&amp;message=%7B%22type%22%3A%22deployment%22%2C%22sha%22%3A%22f04641a4c4156070f8b1a8947184b55271060620%22%2C%22repoName%22%3A%22borysinho%2Fserver-frontend-backend-generator%22%2C%22actor%22%3A%22borysinho%22%2C%22slotName%22%3A%22Production%22%2C%22commitMessage%22%3A%22%22%7D" X-Client-IP="132.196.82.129" X-Client-Port="36872" >
  <step title="Cleanup Xml Logs" date="2025-11-11T07:27:34.951" /><!-- duration: 51ms -->
  <step title="OneDeploy" date="2025-11-11T07:27:35.879" >
    <step title="None repository commit" date="2025-11-11T07:27:35.905" >
      <step title="Commit id: 86e90374-1aa4-489c-9be8-4363690ae446" date="2025-11-11T07:27:35.983" Message="N/A" AuthorName="N/A" AuthorEmail="N/A" /><!-- duration: 22ms -->
    </step><!-- duration: 109ms -->
    <step title="Starting PushDeployAsync" date="2025-11-11T07:27:36.032" /><!-- duration: 19ms -->
    <step title="Removing node_modules symlink" date="2025-11-11T07:27:36.161" >
      <step title="Removing _del_node_modules symlink" date="2025-11-11T07:27:36.425" >
        <step title="Writing artifact to /tmp/zipdeploy/7212a2ea-d080-41b0-8316-26d5c1527946.zip" date="2025-11-11T07:27:36.551" >
          <step title="Writing multipart request body to /tmp/zipdeploy/7212a2ea-d080-41b0-8316-26d5c1527946.zip" date="2025-11-11T07:27:36.563" /><!-- duration: 19ms -->
        </step><!-- duration: 5866ms -->
        <step title="Start deployment in the background" date="2025-11-11T07:27:42.473" >
          <step title="Acquiring Deployment Lock" date="2025-11-11T07:27:42.558" /><!-- duration: 10ms -->
          <step title="Acquired Deployment Lock" date="2025-11-11T07:27:42.642" /><!-- duration: 19ms -->
        </step><!-- duration: 307ms -->
      </step><!-- duration: 6366ms -->
      <step title="Outgoing response" date="2025-11-11T07:27:42.817" type="response" statusCode="202" statusText="Accepted" /><!-- duration: 5ms -->
    </step><!-- duration: 6666ms -->
