﻿<?xml version="1.0" encoding="utf-8"?>
<deployment>
  <id>d04cc05e-af68-4f6e-bc95-c8ffa1416d08</id>
  <author>N/A</author>
  <deployer>OneDeploy</deployer>
  <authorEmail>N/A</authorEmail>
  <message>OneDeploy</message>
  <progress></progress>
  <status>Success</status>
  <statusText></statusText>
  <lastSuccessEndTime>2025-11-11T06:57:05.3474137Z</lastSuccessEndTime>
  <receivedTime>2025-11-11T06:55:17.6124381Z</receivedTime>
  <startTime>2025-11-11T06:55:19.0253612Z</startTime>
  <endTime>2025-11-11T06:57:05.3474137Z</endTime>
  <complete>True</complete>
  <is_temp>False</is_temp>
  <is_readonly>True</is_readonly>
  <buildSummary />
</deployment>