<step title="Incoming Request" date="2025-11-11T07:13:13.032" instance="12294b" url="/api/publish?async=true&amp;deployer=GITHUB_ONE_DEPLOY&amp;type=zip&amp;message=%7B%22type%22%3A%22deployment%22%2C%22sha%22%3A%22f04641a4c4156070f8b1a8947184b55271060620%22%2C%22repoName%22%3A%22borysinho%2Fserver-frontend-backend-generator%22%2C%22actor%22%3A%22borysinho%22%2C%22slotName%22%3A%22Production%22%2C%22commitMessage%22%3A%22%22%7D" method="POST" type="request" pid="853,1,5" Host="diagram-backend-borys-geaebhhbf5bsdrfj.scm.canadacentral-01.azurewebsites.net" User-Agent="GITHUBACTIONS_DeployWebAppToAzure_f8961362efeab43435694fe7c7a528a2a5ab547864551727d68e9e5f23e5166e" Authorization="Bea..." Content-Type="application/octet-stream" Cookie="ARRAffinity=12294b2e6f4d4f4a22d10b0dcc5d414e0d16ab6c85f1b08034605c6d1bacde0d;Path=/;HttpOnly;Secure;Domain=diagram-backend-borys-geaebhhbf5bsdrfj.scm.canadacentral-01.azurewebsites.net; ARRAffinitySameSite=12294b2e6f4d4f4a22d10b0dcc5d414e0d16ab6c85f1b08034605c6d1bacde0d;Path=/;HttpOnly;SameSite=None;Secure;Domain=diagram-backend-borys-geaebhhbf5bsdrfj.scm.canadacentral-01.azurewebsites.net" Transfer-Encoding="chunked" X-ARR-LOG-ID="03c2a9cf-cbee-4873-9ddb-c4ce1eefa247" CLIENT-IP="52.159.247.54:44096" X-SITE-DEPLOYMENT-ID="diagram-backend-borys" WAS-DEFAULT-HOSTNAME="diagram-backend-borys-geaebhhbf5bsdrfj.scm.canadacentral-01.azurewebsites.net" X-Forwarded-Proto="https" X-AppService-Proto="https" X-Forwarded-TlsVersion="1.3" X-WAWS-Unencoded-URL="/api/publish?async=true&amp;deployer=GITHUB_ONE_DEPLOY&amp;type=zip&amp;message=%7B%22type%22%3A%22deployment%22%2C%22sha%22%3A%22f04641a4c4156070f8b1a8947184b55271060620%22%2C%22repoName%22%3A%22borysinho%2Fserver-frontend-backend-generator%22%2C%22actor%22%3A%22borysinho%22%2C%22slotName%22%3A%22Production%22%2C%22commitMessage%22%3A%22%22%7D" X-Client-IP="52.159.247.54" X-Client-Port="44096" >
  <step title="Cleanup Xml Logs" date="2025-11-11T07:13:13.038" /><!-- duration: 10ms -->
  <step title="OneDeploy" date="2025-11-11T07:13:13.192" >
    <step title="None repository commit" date="2025-11-11T07:13:13.207" >
      <step title="Commit id: 41678d08-e570-4a4f-9275-14e809245d51" date="2025-11-11T07:13:13.212" Message="N/A" AuthorName="N/A" AuthorEmail="N/A" /><!-- duration: 5ms -->
    </step><!-- duration: 15ms -->
    <step title="Starting PushDeployAsync" date="2025-11-11T07:13:13.232" /><!-- duration: 16ms -->
    <step title="Removing node_modules symlink" date="2025-11-11T07:13:13.280" >
      <step title="Removing _del_node_modules symlink" date="2025-11-11T07:13:13.483" >
        <step title="Writing artifact to /tmp/zipdeploy/51a905ee-4f35-47b7-bcd0-9ee9b4ce73f1.zip" date="2025-11-11T07:13:13.590" >
          <step title="Writing multipart request body to /tmp/zipdeploy/51a905ee-4f35-47b7-bcd0-9ee9b4ce73f1.zip" date="2025-11-11T07:13:13.610" /><!-- duration: 19ms -->
        </step><!-- duration: 5524ms -->
        <step title="Start deployment in the background" date="2025-11-11T07:13:19.146" >
          <step title="Acquiring Deployment Lock" date="2025-11-11T07:13:19.241" /><!-- duration: 5ms -->
          <step title="Acquired Deployment Lock" date="2025-11-11T07:13:19.285" /><!-- duration: 6ms -->
        </step><!-- duration: 244ms -->
      </step><!-- duration: 5915ms -->
      <step title="Outgoing response" date="2025-11-11T07:13:19.437" type="response" statusCode="202" statusText="Accepted" /><!-- duration: 5ms -->
    </step><!-- duration: 6167ms -->
