<step title="BackgroundTrace" date="2025-11-11T08:19:07.757" instance="12294b" url="/api/publish" method="POST" >
  <step title="Creating temporary deployment - FetchDeploymentManager" date="2025-11-11T08:19:07.850" /><!-- duration: 3ms -->
  <step title="Creating temporary deployment" date="2025-11-11T08:19:07.859" /><!-- duration: 98ms -->
  <step title="Performing fetch based deployment" date="2025-11-11T08:19:08.024" >
    <step title="Cleaning up temp folders from previous zip deployments and extracting pushed zip file /tmp/zipdeploy/99b69b5d-1f48-4204-a05b-e0e899db764a.zip (2.59 MB) to /tmp/zipdeploy/extracted" date="2025-11-11T08:19:09.520" >
      <step title="ChmodRecursive Process exited with total time taken in ms: 87" date="2025-11-11T08:19:10.120" /><!-- duration: 4ms -->
    </step><!-- duration: 628ms -->
    <step title="Deployment timer started" date="2025-11-11T08:19:12.196" >
      <step title="DeploymentManager.Deploy(id:0d4b782c-4a8c-4270-af5e-8be335d67e8d)" date="2025-11-11T08:19:12.210" >
        <step title="Collecting changeset information" date="2025-11-11T08:19:12.265" /><!-- duration: 134ms -->
        <step title="Updating submodules" date="2025-11-11T08:19:12.405" /><!-- duration: 1147ms -->
        <step title="Determining deployment builder" date="2025-11-11T08:19:13.997" >
          <step title="Builder is OneDeployBuilder" date="2025-11-11T08:19:14.046" /><!-- duration: 4ms -->
        </step><!-- duration: 58ms -->
        <step title="PreDeployment: context.CleanOutputPath False" date="2025-11-11T08:19:14.127" >
          <step title="PreDeployment: context.OutputPath /home/site/wwwroot" date="2025-11-11T08:19:14.256" >
            <step title="Building" date="2025-11-11T08:19:14.410" >
              <step title="Executing external process" date="2025-11-11T08:19:15.621" type="process" path="starter.sh" arguments="/opt/Kudu/Scripts/parallel_rsync.sh /tmp/zipdeploy/extracted /home/site/wwwroot 8 /tmp/ False False  " /><!-- duration: 7233ms -->
              <step title="Modified file to trigger a restart of the app container." date="2025-11-11T08:19:23.393" /><!-- duration: 5ms -->
              <step title="Skip function trigger and logicapp sync because function is not enabled." date="2025-11-11T08:19:23.412" /><!-- duration: 10ms -->
            </step><!-- duration: 10027ms -->
          </step><!-- duration: 10192ms -->
          <step title="Cleaning up temp files" date="2025-11-11T08:19:24.452" /><!-- duration: 6ms -->
          <step title="Cleaning up temp files" date="2025-11-11T08:19:24.467" /><!-- duration: 521ms -->
          <step title="Reloading status file with latest updates" date="2025-11-11T08:19:25.036" >
            <step title="WebHooksManager.PublishEventAsync: PostDeployment" date="2025-11-11T08:19:25.050" /><!-- duration: 111ms -->
          </step><!-- duration: 128ms -->
          <step title="Cleaning up temporary deployment - fetch deployment was successful" date="2025-11-11T08:19:25.175" /><!-- duration: 4ms -->
        </step><!-- duration: 11123ms -->
      </step><!-- duration: 13063ms -->
