﻿<?xml version="1.0" encoding="utf-8"?>
<deployment>
  <id>3e8d0653-d284-447f-aee5-e5216f5022a9</id>
  <author>N/A</author>
  <deployer>OneDeploy</deployer>
  <authorEmail>N/A</authorEmail>
  <message>OneDeploy</message>
  <progress></progress>
  <status>Success</status>
  <statusText></statusText>
  <lastSuccessEndTime>2025-11-11T07:44:47.3740874Z</lastSuccessEndTime>
  <receivedTime>2025-11-11T07:44:37.1059347Z</receivedTime>
  <startTime>2025-11-11T07:44:38.579126Z</startTime>
  <endTime>2025-11-11T07:44:47.3740874Z</endTime>
  <complete>True</complete>
  <is_temp>False</is_temp>
  <is_readonly>True</is_readonly>
  <buildSummary />
</deployment>