﻿<?xml version="1.0" encoding="utf-8"?>
<deployment>
  <id>ebf1917c-8c73-4184-806a-736a0572132a</id>
  <author>N/A</author>
  <deployer>OneDeploy</deployer>
  <authorEmail>N/A</authorEmail>
  <message>OneDeploy</message>
  <progress></progress>
  <status>Success</status>
  <statusText></statusText>
  <lastSuccessEndTime>2025-11-11T07:36:12.1322738Z</lastSuccessEndTime>
  <receivedTime>2025-11-11T07:34:46.7653827Z</receivedTime>
  <startTime>2025-11-11T07:34:48.3759495Z</startTime>
  <endTime>2025-11-11T07:36:12.1322738Z</endTime>
  <complete>True</complete>
  <is_temp>False</is_temp>
  <is_readonly>True</is_readonly>
  <buildSummary />
</deployment>