<step title="Incoming Request" date="2025-11-11T08:19:07.102" instance="12294b" url="/api/publish?async=true&amp;deployer=GITHUB_ONE_DEPLOY&amp;type=zip&amp;message=%7B%22type%22%3A%22deployment%22%2C%22sha%22%3A%2212b352c6998d47bd5c50043ff714460637c67da9%22%2C%22repoName%22%3A%22borysinho%2Fserver-frontend-backend-generator%22%2C%22actor%22%3A%22borysinho%22%2C%22slotName%22%3A%22Production%22%2C%22commitMessage%22%3A%22Remove%20Dockerfile%20and%20switch%20to%20Node.js%20runtime%5Cn%5Cn-%20Remove%20Dockerfile%20and%20healthcheck.js%5Cn-%20Configure%20Azure%20to%20use%20NODE%7C24-lts%20runtime%5Cn-%20Update%20start%20script%20to%20include%20build%20step%5Cn-%20This%20simplifies%20deployment%20and%20uses%20Azure%27s%20native%20Node.js%20support%22%7D" method="POST" type="request" pid="853,1,5" Host="diagram-backend-borys-geaebhhbf5bsdrfj.scm.canadacentral-01.azurewebsites.net" User-Agent="GITHUBACTIONS_DeployWebAppToAzure_f8961362efeab43435694fe7c7a528a2a5ab547864551727d68e9e5f23e5166e" Authorization="Bea..." Content-Type="application/octet-stream" Cookie="ARRAffinity=12294b2e6f4d4f4a22d10b0dcc5d414e0d16ab6c85f1b08034605c6d1bacde0d;Path=/;HttpOnly;Secure;Domain=diagram-backend-borys-geaebhhbf5bsdrfj.scm.canadacentral-01.azurewebsites.net; ARRAffinitySameSite=12294b2e6f4d4f4a22d10b0dcc5d414e0d16ab6c85f1b08034605c6d1bacde0d;Path=/;HttpOnly;SameSite=None;Secure;Domain=diagram-backend-borys-geaebhhbf5bsdrfj.scm.canadacentral-01.azurewebsites.net" Transfer-Encoding="chunked" X-ARR-LOG-ID="fc0b1e56-69cc-4be9-9141-b8237e10fd1f" CLIENT-IP="52.190.182.232:5168" X-SITE-DEPLOYMENT-ID="diagram-backend-borys" WAS-DEFAULT-HOSTNAME="diagram-backend-borys-geaebhhbf5bsdrfj.scm.canadacentral-01.azurewebsites.net" X-Forwarded-Proto="https" X-AppService-Proto="https" X-Forwarded-TlsVersion="1.3" X-WAWS-Unencoded-URL="/api/publish?async=true&amp;deployer=GITHUB_ONE_DEPLOY&amp;type=zip&amp;message=%7B%22type%22%3A%22deployment%22%2C%22sha%22%3A%2212b352c6998d47bd5c50043ff714460637c67da9%22%2C%22repoName%22%3A%22borysinho%2Fserver-frontend-backend-generator%22%2C%22actor%22%3A%22borysinho%22%2C%22slotName%22%3A%22Production%22%2C%22commitMessage%22%3A%22Remove%20Dockerfile%20and%20switch%20to%20Node.js%20runtime%5Cn%5Cn-%20Remove%20Dockerfile%20and%20healthcheck.js%5Cn-%20Configure%20Azure%20to%20use%20NODE%7C24-lts%20runtime%5Cn-%20Update%20start%20script%20to%20include%20build%20step%5Cn-%20This%20simplifies%20deployment%20and%20uses%20Azure%27s%20native%20Node.js%20support%22%7D" X-Client-IP="52.190.182.232" X-Client-Port="5168" >
  <step title="OneDeploy" date="2025-11-11T08:19:07.382" >
    <step title="None repository commit" date="2025-11-11T08:19:07.393" >
      <step title="Commit id: 0d4b782c-4a8c-4270-af5e-8be335d67e8d" date="2025-11-11T08:19:07.398" Message="N/A" AuthorName="N/A" AuthorEmail="N/A" /><!-- duration: 5ms -->
    </step><!-- duration: 20ms -->
    <step title="Starting PushDeployAsync" date="2025-11-11T08:19:07.423" /><!-- duration: 4ms -->
    <step title="Writing artifact to /tmp/zipdeploy/99b69b5d-1f48-4204-a05b-e0e899db764a.zip" date="2025-11-11T08:19:07.450" >
      <step title="Writing multipart request body to /tmp/zipdeploy/99b69b5d-1f48-4204-a05b-e0e899db764a.zip" date="2025-11-11T08:19:07.468" /><!-- duration: 4ms -->
    </step><!-- duration: 273ms -->
    <step title="Start deployment in the background" date="2025-11-11T08:19:07.748" >
      <step title="Acquiring Deployment Lock" date="2025-11-11T08:19:07.791" /><!-- duration: 9ms -->
      <step title="Acquired Deployment Lock" date="2025-11-11T08:19:07.842" /><!-- duration: 4ms -->
    </step><!-- duration: 214ms -->
  </step><!-- duration: 597ms -->
  <step title="Outgoing response" date="2025-11-11T08:19:08.000" type="response" statusCode="202" statusText="Accepted" /><!-- duration: 4ms -->
</step><!-- duration: 905ms -->
