﻿<?xml version="1.0" encoding="utf-8"?>
<deployment>
  <id>ea8f35cb-020b-424f-8cd4-21cfe6b47666</id>
  <author>N/A</author>
  <deployer>OneDeploy</deployer>
  <authorEmail>N/A</authorEmail>
  <message>OneDeploy</message>
  <progress></progress>
  <status>Success</status>
  <statusText></statusText>
  <lastSuccessEndTime>2025-11-11T08:36:13.9148219Z</lastSuccessEndTime>
  <receivedTime>2025-11-11T08:33:17.5809082Z</receivedTime>
  <startTime>2025-11-11T08:33:19.6224494Z</startTime>
  <endTime>2025-11-11T08:36:13.9148219Z</endTime>
  <complete>True</complete>
  <is_temp>False</is_temp>
  <is_readonly>True</is_readonly>
  <buildSummary />
</deployment>