﻿<?xml version="1.0" encoding="utf-8"?>
<deployment>
  <id>86e90374-1aa4-489c-9be8-4363690ae446</id>
  <author>N/A</author>
  <deployer>OneDeploy</deployer>
  <authorEmail>N/A</authorEmail>
  <message>OneDeploy</message>
  <progress></progress>
  <status>Success</status>
  <statusText></statusText>
  <lastSuccessEndTime>2025-11-11T07:30:30.9621094Z</lastSuccessEndTime>
  <receivedTime>2025-11-11T07:28:30.6845529Z</receivedTime>
  <startTime>2025-11-11T07:28:32.1026835Z</startTime>
  <endTime>2025-11-11T07:30:30.9621094Z</endTime>
  <complete>True</complete>
  <is_temp>False</is_temp>
  <is_readonly>True</is_readonly>
  <buildSummary />
</deployment>