﻿<?xml version="1.0" encoding="utf-8"?>
<deployment>
  <id>a364f318-c262-4972-81d0-204b88373e9d</id>
  <author>N/A</author>
  <deployer>OneDeploy</deployer>
  <authorEmail>N/A</authorEmail>
  <message>OneDeploy</message>
  <progress></progress>
  <status>Success</status>
  <statusText></statusText>
  <lastSuccessEndTime>2025-11-11T07:39:18.740444Z</lastSuccessEndTime>
  <receivedTime>2025-11-11T07:38:51.9519689Z</receivedTime>
  <startTime>2025-11-11T07:38:57.2571166Z</startTime>
  <endTime>2025-11-11T07:39:18.740444Z</endTime>
  <complete>True</complete>
  <is_temp>False</is_temp>
  <is_readonly>True</is_readonly>
  <buildSummary />
</deployment>